<?xml version="1.0" encoding="UTF-8"?>
<GenRun Id="impl_1" LaunchPart="xc7a35ticsg324-1L" LaunchTime="1708283857">
  <File Type="ROUTE-PWR" Name="Voltimetro_toplevel_power_routed.rpt"/>
  <File Type="PA-TCL" Name="Voltimetro_toplevel.tcl"/>
  <File Type="ROUTE-PWR-SUM" Name="Voltimetro_toplevel_power_summary_routed.pb"/>
  <File Type="REPORTS-TCL" Name="Voltimetro_toplevel_reports.tcl"/>
  <File Type="BITSTR-MSK" Name="Voltimetro_toplevel.msk"/>
  <File Type="ROUTE-CLK" Name="Voltimetro_toplevel_clock_utilization_routed.rpt"/>
  <File Type="RDI-RDI" Name="Voltimetro_toplevel.vdi"/>
  <File Type="POSTROUTE-PHYSOPT-BUS-SKEW-PB" Name="Voltimetro_toplevel_bus_skew_postroute_physopted.pb"/>
  <File Type="BG-BIT" Name="Voltimetro_toplevel.bit"/>
  <File Type="BG-DRC" Name="Voltimetro_toplevel.drc"/>
  <File Type="BG-BGN" Name="Voltimetro_toplevel.bgn"/>
  <File Type="BG-BIN" Name="Voltimetro_toplevel.bin"/>
  <File Type="BITSTR-RBT" Name="Voltimetro_toplevel.rbt"/>
  <File Type="BITSTR-NKY" Name="Voltimetro_toplevel.nky"/>
  <File Type="BITSTR-BMM" Name="Voltimetro_toplevel_bd.bmm"/>
  <File Type="BITSTR-MMI" Name="Voltimetro_toplevel.mmi"/>
  <File Type="ROUTE-METHODOLOGY-DRC" Name="Voltimetro_toplevel_methodology_drc_routed.rpt"/>
  <File Type="BITSTR-SYSDEF" Name="Voltimetro_toplevel.sysdef"/>
  <File Type="BITSTR-LTX" Name="debug_nets.ltx"/>
  <File Type="BITSTR-LTX" Name="Voltimetro_toplevel.ltx"/>
  <File Type="WBT-USG" Name="usage_statistics_webtalk.html"/>
  <File Type="OPT-DRC" Name="Voltimetro_toplevel_drc_opted.rpt"/>
  <File Type="OPT-HWDEF" Name="Voltimetro_toplevel.hwdef"/>
  <File Type="PLACE-IO" Name="Voltimetro_toplevel_io_placed.rpt"/>
  <File Type="PLACE-UTIL" Name="Voltimetro_toplevel_utilization_placed.rpt"/>
  <File Type="PLACE-UTIL-PB" Name="Voltimetro_toplevel_utilization_placed.pb"/>
  <File Type="PLACE-CTRL" Name="Voltimetro_toplevel_control_sets_placed.rpt"/>
  <File Type="PLACE-PRE-SIMILARITY" Name="Voltimetro_toplevel_incremental_reuse_pre_placed.rpt"/>
  <File Type="ROUTE-DRC" Name="Voltimetro_toplevel_drc_routed.rpt"/>
  <File Type="ROUTE-DRC-PB" Name="Voltimetro_toplevel_drc_routed.pb"/>
  <File Type="ROUTE-PWR-RPX" Name="Voltimetro_toplevel_power_routed.rpx"/>
  <File Type="ROUTE-STATUS" Name="Voltimetro_toplevel_route_status.rpt"/>
  <File Type="ROUTE-STATUS-PB" Name="Voltimetro_toplevel_route_status.pb"/>
  <File Type="ROUTE-DCP" Name="Voltimetro_toplevel_routed.dcp"/>
  <File Type="ROUTE-ERROR-DCP" Name="Voltimetro_toplevel_routed_error.dcp"/>
  <File Type="ROUTE-BLACKBOX-DCP" Name="Voltimetro_toplevel_routed_bb.dcp"/>
  <File Type="ROUTE-TIMINGSUMMARY" Name="Voltimetro_toplevel_timing_summary_routed.rpt"/>
  <File Type="ROUTE-TIMING-PB" Name="Voltimetro_toplevel_timing_summary_routed.pb"/>
  <File Type="ROUTE-TIMING-RPX" Name="Voltimetro_toplevel_timing_summary_routed.rpx"/>
  <File Type="ROUTE-SIMILARITY" Name="Voltimetro_toplevel_incremental_reuse_routed.rpt"/>
  <File Type="ROUTE-BUS-SKEW" Name="Voltimetro_toplevel_bus_skew_routed.rpt"/>
  <File Type="ROUTE-BUS-SKEW-PB" Name="Voltimetro_toplevel_bus_skew_routed.pb"/>
  <File Type="ROUTE-BUS-SKEW-RPX" Name="Voltimetro_toplevel_bus_skew_routed.rpx"/>
  <File Type="OPT-DCP" Name="Voltimetro_toplevel_opt.dcp"/>
  <File Type="PLACE-DCP" Name="Voltimetro_toplevel_placed.dcp"/>
  <File Type="PWROPT-DCP" Name="Voltimetro_toplevel_pwropt.dcp"/>
  <File Type="POSTPLACE-PWROPT-DCP" Name="Voltimetro_toplevel_postplace_pwropt.dcp"/>
  <File Type="PHYSOPT-DCP" Name="Voltimetro_toplevel_physopt.dcp"/>
  <File Type="POSTROUTE-PHYSOPT-DCP" Name="Voltimetro_toplevel_postroute_physopt.dcp"/>
  <File Type="POSTROUTE-PHYSOPT-BLACKBOX-DCP" Name="Voltimetro_toplevel_postroute_physopt_bb.dcp"/>
  <File Type="POSTROUTE-PHYSOPT-TIMING" Name="Voltimetro_toplevel_timing_summary_postroute_physopted.rpt"/>
  <File Type="POSTROUTE-PHYSOPT-TIMING-PB" Name="Voltimetro_toplevel_timing_summary_postroute_physopted.pb"/>
  <File Type="POSTROUTE-PHYSOPT-TIMING-RPX" Name="Voltimetro_toplevel_timing_summary_postroute_physopted.rpx"/>
  <File Type="POSTROUTE-PHYSOPT-BUS-SKEW" Name="Voltimetro_toplevel_bus_skew_postroute_physopted.rpt"/>
  <File Type="POSTROUTE-PHYSOPT-BUS-SKEW-RPX" Name="Voltimetro_toplevel_bus_skew_postroute_physopted.rpx"/>
  <File Type="ROUTE-METHODOLOGY-DRC-PB" Name="Voltimetro_toplevel_methodology_drc_routed.pb"/>
  <File Type="ROUTE-DRC-RPX" Name="Voltimetro_toplevel_drc_routed.rpx"/>
  <File Type="ROUTE-METHODOLOGY-DRC-RPX" Name="Voltimetro_toplevel_methodology_drc_routed.rpx"/>
  <File Type="PDI-FILE" Name="Voltimetro_toplevel.pdi"/>
  <File Type="BOOT-PDI-FILE" Name="Voltimetro_toplevel_boot.pdi"/>
  <File Type="PL-PDI-FILE" Name="Voltimetro_toplevel_pld.pdi"/>
  <File Type="RCFI_FILE" Name="Voltimetro_toplevel.rcfi"/>
  <File Type="CFI_FILE" Name="Voltimetro_toplevel.cfi"/>
  <File Type="RNPI_FILE" Name="Voltimetro_toplevel.rnpi"/>
  <File Type="NPI_FILE" Name="Voltimetro_toplevel.npi"/>
  <File Type="RBD_FILE" Name="Voltimetro_toplevel.rbd"/>
  <File Type="ROUTE-RQS" Name="Voltimetro_toplevel_routed.rqs"/>
  <File Type="POSTROUTE-PHYSOPT-RQS" Name="Voltimetro_toplevel_postroute_physopted.rqs"/>
  <File Type="ROUTE-RQS-RPT" Name="route_report_qor_suggestions_0.rpt"/>
  <File Type="POSTROUTE-PHYSOPT-RQS-RPT" Name="postroute_physopt_report_qor_suggestions_0.rpt"/>
  <FileSet Name="sources" Type="DesignSrcs" RelSrcDir="$PSRCDIR/sources_1" RelGenDir="$PGENDIR/sources_1">
    <Filter Type="Srcs"/>
    <File Path="$PSRCDIR/sources_1/imports/codigos/Voltimetro_dac_pwm.vhd">
      <FileInfo>
        <Attr Name="ImportPath" Val="$PPRDIR/../final_digitali_prueba/project_2/project_2.srcs/sources_1/imports/codigos/Voltimetro_dac_pwm.vhd"/>
        <Attr Name="ImportTime" Val="1699107062"/>
        <Attr Name="UsedIn" Val="synthesis"/>
        <Attr Name="UsedIn" Val="simulation"/>
      </FileInfo>
    </File>
    <File Path="$PSRCDIR/sources_1/new/adc.vhd">
      <FileInfo>
        <Attr Name="UsedIn" Val="synthesis"/>
        <Attr Name="UsedIn" Val="simulation"/>
      </FileInfo>
    </File>
    <File Path="$PSRCDIR/sources_1/new/bloque_vga.vhd">
      <FileInfo>
        <Attr Name="UsedIn" Val="synthesis"/>
        <Attr Name="UsedIn" Val="simulation"/>
      </FileInfo>
    </File>
    <File Path="$PSRCDIR/sources_1/new/comparador_bitabit.vhd">
      <FileInfo>
        <Attr Name="UsedIn" Val="synthesis"/>
        <Attr Name="UsedIn" Val="simulation"/>
      </FileInfo>
    </File>
    <File Path="$PSRCDIR/sources_1/new/contador.vhd">
      <FileInfo>
        <Attr Name="UsedIn" Val="synthesis"/>
        <Attr Name="UsedIn" Val="simulation"/>
      </FileInfo>
    </File>
    <File Path="$PSRCDIR/sources_1/new/contador33.vhd">
      <FileInfo>
        <Attr Name="UsedIn" Val="synthesis"/>
        <Attr Name="UsedIn" Val="simulation"/>
      </FileInfo>
    </File>
    <File Path="$PSRCDIR/sources_1/new/contador7.vhd">
      <FileInfo>
        <Attr Name="UsedIn" Val="synthesis"/>
        <Attr Name="UsedIn" Val="simulation"/>
      </FileInfo>
    </File>
    <File Path="$PSRCDIR/sources_1/new/contadorbcd.vhd">
      <FileInfo>
        <Attr Name="UsedIn" Val="synthesis"/>
        <Attr Name="UsedIn" Val="simulation"/>
      </FileInfo>
    </File>
    <File Path="$PSRCDIR/sources_1/new/contadorh.vhd">
      <FileInfo>
        <Attr Name="UsedIn" Val="synthesis"/>
        <Attr Name="UsedIn" Val="simulation"/>
      </FileInfo>
    </File>
    <File Path="$PSRCDIR/sources_1/new/contadorv.vhd">
      <FileInfo>
        <Attr Name="UsedIn" Val="synthesis"/>
        <Attr Name="UsedIn" Val="simulation"/>
      </FileInfo>
    </File>
    <File Path="$PSRCDIR/sources_1/new/ffd.vhd">
      <FileInfo>
        <Attr Name="UsedIn" Val="synthesis"/>
        <Attr Name="UsedIn" Val="simulation"/>
      </FileInfo>
    </File>
    <File Path="$PSRCDIR/sources_1/new/mux.vhd">
      <FileInfo>
        <Attr Name="UsedIn" Val="synthesis"/>
        <Attr Name="UsedIn" Val="simulation"/>
      </FileInfo>
    </File>
    <File Path="$PSRCDIR/sources_1/new/registro.vhd">
      <FileInfo>
        <Attr Name="UsedIn" Val="synthesis"/>
        <Attr Name="UsedIn" Val="simulation"/>
      </FileInfo>
    </File>
    <File Path="$PSRCDIR/sources_1/new/rom.vhd">
      <FileInfo>
        <Attr Name="UsedIn" Val="synthesis"/>
        <Attr Name="UsedIn" Val="simulation"/>
      </FileInfo>
    </File>
    <File Path="$PSRCDIR/sources_1/new/voltimetro.vhd">
      <FileInfo>
        <Attr Name="UsedIn" Val="synthesis"/>
        <Attr Name="UsedIn" Val="simulation"/>
      </FileInfo>
    </File>
    <File Path="$PSRCDIR/sources_1/imports/codigos/Voltimetro_Esquema_Arty_A7-35_top_level.vhd">
      <FileInfo>
        <Attr Name="ImportPath" Val="$PPRDIR/../final_digitali_prueba/project_2/project_2.srcs/sources_1/imports/codigos/Voltimetro_Esquema_Arty_A7-35_top_level.vhd"/>
        <Attr Name="ImportTime" Val="1707654115"/>
        <Attr Name="UsedIn" Val="synthesis"/>
        <Attr Name="UsedIn" Val="simulation"/>
      </FileInfo>
    </File>
    <Config>
      <Option Name="DesignMode" Val="RTL"/>
      <Option Name="TopModule" Val="Voltimetro_toplevel"/>
      <Option Name="TopAutoSet" Val="TRUE"/>
    </Config>
  </FileSet>
  <FileSet Name="constrs_in" Type="Constrs" RelSrcDir="$PSRCDIR/constrs_1" RelGenDir="$PGENDIR/constrs_1">
    <Filter Type="Constrs"/>
    <File Path="$PSRCDIR/constrs_1/imports/final_digital_i/Arty_A35.xdc">
      <FileInfo>
        <Attr Name="ImportPath" Val="$PPRDIR/../final_digitali_prueba/project_2/project_2.srcs/constrs_1/imports/final_digital_i/Arty_A35.xdc"/>
        <Attr Name="ImportTime" Val="1707354910"/>
        <Attr Name="UsedIn" Val="synthesis"/>
        <Attr Name="UsedIn" Val="implementation"/>
      </FileInfo>
    </File>
    <Config>
      <Option Name="ConstrsType" Val="XDC"/>
    </Config>
  </FileSet>
  <FileSet Name="utils" Type="Utils" RelSrcDir="$PSRCDIR/utils_1" RelGenDir="$PGENDIR/utils_1">
    <Filter Type="Utils"/>
    <File Path="$PSRCDIR/utils_1/imports/synth_1/Voltimetro_toplevel.dcp">
      <FileInfo>
        <Attr Name="UsedIn" Val="synthesis"/>
        <Attr Name="UsedIn" Val="implementation"/>
        <Attr Name="UsedInSteps" Val="synth_1"/>
        <Attr Name="AutoDcp" Val="1"/>
      </FileInfo>
    </File>
    <Config>
      <Option Name="TopAutoSet" Val="TRUE"/>
    </Config>
  </FileSet>
  <Strategy Version="1" Minor="2">
    <StratHandle Name="Vivado Implementation Defaults" Flow="Vivado Implementation 2023"/>
    <Step Id="init_design"/>
    <Step Id="opt_design"/>
    <Step Id="power_opt_design"/>
    <Step Id="place_design"/>
    <Step Id="post_place_power_opt_design"/>
    <Step Id="phys_opt_design"/>
    <Step Id="route_design"/>
    <Step Id="post_route_phys_opt_design"/>
    <Step Id="write_bitstream"/>
  </Strategy>
  <BlockFileSet Type="BlockSrcs" Name="clk_wiz_0"/>
</GenRun>
